{
  "checkpoint": "runs/resnet_lf_dscl_lr1e-4_bs16/best_resnet_lf_dscl_model.pth",
  "classes": [
    "Alpha",
    "Beta",
    "Chi",
    "Delta",
    "Epsilon",
    "Eta",
    "Gamma",
    "Iota",
    "Kappa",
    "Lambda",
    "Mu",
    "Nu",
    "Omega",
    "Omicron",
    "Phi",
    "Pi",
    "Psi",
    "Rho",
    "Sigma",
    "Tau",
    "Theta",
    "Upsilon",
    "Xi",
    "Zeta"
  ],
  "train_size": 9369,
  "val_size": 1042,
  "test_size": 2603,
  "train_losses": [
    3.352432321390076,
    2.2759279114724937,
    1.5935818589297337,
    1.3187081279380812,
    1.2864294659685511,
    1.1973851060699356,
    1.0958560944328772,
    1.082187439871389,
    1.020898526672213,
    0.9896318836926726,
    0.98154892833908,
    0.909996247110887,
    0.890746608597579,
    0.8956923035524841,
    0.8763633940807464,
    0.8137550689339675,
    0.8044547883127502,
    0.748155837173408,
    0.5758250260975919,
    0.6807077878668438,
    0.6696934573601246,
    0.5438155025666825,
    0.6630464163314114,
    0.6395384235994859,
    0.5271723135734828,
    0.6264785363155287,
    0.646719808543628,
    0.5239333293521681,
    0.6311345914535226,
    0.6431035111751815,
    0.5281889021161247,
    0.6163099328212441,
    0.6589412940885764,
    0.5413130167925392,
    0.6251356645993915
  ],
  "val_losses": [
    2.1653283964878307,
    1.041655532114794,
    0.8108939403138926,
    0.8293984658773024,
    0.7646011414145782,
    0.7727700698398583,
    0.7724787168447893,
    0.7718592959951301,
    0.7086150866366508,
    0.672478270936836,
    0.6766698458258799,
    0.6704623184654854,
    0.6530329339392126,
    0.7716293359379107,
    0.7311872740378049,
    0.6893525391588284,
    0.7119515092682358,
    0.6747668799720776,
    0.6039077154505504,
    0.6195909196753127,
    0.6485474705767609,
    0.604928758458347,
    0.6598789275761501,
    0.6371909202712869,
    0.5949804246190563,
    0.6311919352677856,
    0.6235003994492682,
    0.59969654396684,
    0.6334021901202365,
    0.615861536855872,
    0.6107659978245076,
    0.6330670801987032,
    0.6491484417577387,
    0.6479363177251428,
    0.6216122980574557
  ],
  "val_accuracies": [
    0.31861804222648754,
    0.6717850287907869,
    0.736084452975048,
    0.744721689059501,
    0.7783109404990403,
    0.7677543186180422,
    0.7571976967370442,
    0.7754318618042226,
    0.7965451055662188,
    0.7879078694817658,
    0.7955854126679462,
    0.8013435700575816,
    0.789827255278311,
    0.791746641074856,
    0.7965451055662188,
    0.783109404990403,
    0.8157389635316699,
    0.8166986564299424,
    0.8272552783109405,
    0.8339731285988484,
    0.8234165067178503,
    0.8349328214971209,
    0.817658349328215,
    0.8186180422264875,
    0.8349328214971209,
    0.8253358925143954,
    0.8282149712092131,
    0.8349328214971209,
    0.8282149712092131,
    0.8243761996161229,
    0.8291746641074856,
    0.8253358925143954,
    0.8157389635316699,
    0.8166986564299424,
    0.8330134357005758
  ],
  "test_report": {
    "Alpha": {
      "precision": 0.6666666666666666,
      "recall": 0.6906474820143885,
      "f1-score": 0.6784452296819788,
      "support": 139.0
    },
    "Beta": {
      "precision": 0.8823529411764706,
      "recall": 0.8955223880597015,
      "f1-score": 0.8888888888888888,
      "support": 67.0
    },
    "Chi": {
      "precision": 0.9285714285714286,
      "recall": 0.9176470588235294,
      "f1-score": 0.9230769230769231,
      "support": 85.0
    },
    "Delta": {
      "precision": 0.9622641509433962,
      "recall": 0.9026548672566371,
      "f1-score": 0.9315068493150684,
      "support": 113.0
    },
    "Epsilon": {
      "precision": 0.8613138686131386,
      "recall": 0.855072463768116,
      "f1-score": 0.8581818181818182,
      "support": 138.0
    },
    "Eta": {
      "precision": 0.8,
      "recall": 0.8387096774193549,
      "f1-score": 0.8188976377952756,
      "support": 124.0
    },
    "Gamma": {
      "precision": 0.875,
      "recall": 0.7333333333333333,
      "f1-score": 0.7979274611398963,
      "support": 105.0
    },
    "Iota": {
      "precision": 0.8194444444444444,
      "recall": 0.8368794326241135,
      "f1-score": 0.8280701754385965,
      "support": 141.0
    },
    "Kappa": {
      "precision": 0.9344262295081968,
      "recall": 0.8976377952755905,
      "f1-score": 0.9156626506024096,
      "support": 127.0
    },
    "Lambda": {
      "precision": 0.7333333333333333,
      "recall": 0.6581196581196581,
      "f1-score": 0.6936936936936937,
      "support": 117.0
    },
    "Mu": {
      "precision": 0.875968992248062,
      "recall": 0.8968253968253969,
      "f1-score": 0.8862745098039215,
      "support": 126.0
    },
    "Nu": {
      "precision": 0.8592592592592593,
      "recall": 0.8656716417910447,
      "f1-score": 0.862453531598513,
      "support": 134.0
    },
    "Omega": {
      "precision": 0.8333333333333334,
      "recall": 0.873015873015873,
      "f1-score": 0.8527131782945736,
      "support": 126.0
    },
    "Omicron": {
      "precision": 0.8297872340425532,
      "recall": 0.8602941176470589,
      "f1-score": 0.8447653429602888,
      "support": 136.0
    },
    "Phi": {
      "precision": 0.8902439024390244,
      "recall": 0.8795180722891566,
      "f1-score": 0.8848484848484849,
      "support": 83.0
    },
    "Pi": {
      "precision": 0.782608695652174,
      "recall": 0.8503937007874016,
      "f1-score": 0.8150943396226416,
      "support": 127.0
    },
    "Psi": {
      "precision": 0.6875,
      "recall": 0.6470588235294118,
      "f1-score": 0.6666666666666666,
      "support": 17.0
    },
    "Rho": {
      "precision": 0.85,
      "recall": 0.7669172932330827,
      "f1-score": 0.8063241106719368,
      "support": 133.0
    },
    "Sigma": {
      "precision": 0.8823529411764706,
      "recall": 0.8695652173913043,
      "f1-score": 0.8759124087591241,
      "support": 138.0
    },
    "Tau": {
      "precision": 0.7417218543046358,
      "recall": 0.8057553956834532,
      "f1-score": 0.7724137931034483,
      "support": 139.0
    },
    "Theta": {
      "precision": 0.8620689655172413,
      "recall": 0.872093023255814,
      "f1-score": 0.8670520231213873,
      "support": 86.0
    },
    "Upsilon": {
      "precision": 0.7851851851851852,
      "recall": 0.7969924812030075,
      "f1-score": 0.7910447761194029,
      "support": 133.0
    },
    "Xi": {
      "precision": 0.7959183673469388,
      "recall": 0.8297872340425532,
      "f1-score": 0.8125,
      "support": 47.0
    },
    "Zeta": {
      "precision": 0.75,
      "recall": 0.8181818181818182,
      "f1-score": 0.782608695652174,
      "support": 22.0
    },
    "accuracy": 0.8313484441029582,
    "macro avg": {
      "precision": 0.8287217414067479,
      "recall": 0.8274289268987833,
      "f1-score": 0.8272926328765463,
      "support": 2603.0
    },
    "weighted avg": {
      "precision": 0.8329318322311373,
      "recall": 0.8313484441029582,
      "f1-score": 0.8313753953237085,
      "support": 2603.0
    }
  },
  "settings": {
    "data_dir": "/home/hugo/diachronic-greek-letterforms/data",
    "output_dir": "runs/resnet_lf_dscl_lr1e-4_bs16",
    "checkpoint_name": "best_resnet_lf_dscl_model.pth",
    "epochs": 100,
    "batch_size": 16,
    "learning_rate": 0.0001,
    "lambda_scl": 0.1,
    "patience": 10,
    "use_scheduler": true,
    "scheduler_patience": 3,
    "scheduler_factor": 0.1,
    "num_workers": 2,
    "seed": 42,
    "test_size": 0.2,
    "val_size": 0.1,
    "otsu": false,
    "no_pretrained": false
  }
}